original,location,sample_period,duplicate,location.1,sample_period.1
AB2008001,Arctic Bay,13,AB2008001,Arctic Bay,13
AB2008002,Arctic Bay,13,AB2008002,Arctic Bay,13
AB2009001,Arctic Bay,14,AB2009001,Arctic Bay,14
AB2009002,Arctic Bay,14,AB2009002,Arctic Bay,14
AB2009004,Arctic Bay,14,AB2009004,Arctic Bay,14
AB2009005,Arctic Bay,14,AB2009005,Arctic Bay,14
AB2009007,Arctic Bay,14,AB2009007,Arctic Bay,14
AB2009008,Arctic Bay,14,AB2009008,Arctic Bay,14
AB2012003,Arctic Bay,16,AB2012003,Arctic Bay,16
CD2009003,Cape Dorset,14,CD2009003,Cape Dorset,14
IG2008001,Igloolik,13,IG2008001,Igloolik,13
IG2008002,Igloolik,13,IG2008002,Igloolik,13
IG2008003,Igloolik,13,IG2008003,Igloolik,13
IG2008004,Igloolik,13,IG2008004,Igloolik,13
IG2008005,Igloolik,13,IG2008005,Igloolik,13
IG2008007,Igloolik,13,IG2008007,Igloolik,13
IG2009001,Igloolik,14,IG2009001,Igloolik,14
IG2009002,Igloolik,14,IG2009002,Igloolik,14
IG2009003,Igloolik,14,IG2009003,Igloolik,14
IG2009004,Igloolik,14,IG2009004,Igloolik,14
IG2009005,Igloolik,14,IG2009005,Igloolik,14
IG2009008,Igloolik,14,IG2009008,Igloolik,14
IG2009009,Igloolik,14,IG2009009,Igloolik,14
IG2009010,Igloolik,14,IG2009010,Igloolik,14
IG2009011,Igloolik,14,IG2009011,Igloolik,14
IG2009014,Igloolik,14,IG2009014,Igloolik,14
IG2009015,Igloolik,14,IG2009015,Igloolik,14
IG2009016,Igloolik,14,IG2009016,Igloolik,14
IG2009018,Igloolik,14,IG2009018,Igloolik,14
IG2009019,Igloolik,14,IG2009019,Igloolik,14
IG2009020,Igloolik,14,IG2009020,Igloolik,14
IG2009021,Igloolik,14,IG2009021,Igloolik,14
IG2009022,Igloolik,14,IG2009022,Igloolik,14
IG2009023,Igloolik,14,IG2009023,Igloolik,14
IG2009025,Igloolik,14,IG2009025,Igloolik,14
IG2009026,Igloolik,14,IG2009026,Igloolik,14
IG2009027,Igloolik,14,IG2009027,Igloolik,14
IG2009028,Igloolik,14,IG2009028,Igloolik,14
IG2009029,Igloolik,14,IG2009029,Igloolik,14
IG2009030,Igloolik,14,IG2013159,Igloolik,17
IG2009030,Igloolik,14,IG2009030,Igloolik,14
IG2009031,Igloolik,14,IG2009031,Igloolik,14
IG2009032,Igloolik,14,IG2009032,Igloolik,14
IG2009032,Igloolik,14,IG2012079,Igloolik,16
IG2009034,Igloolik,14,IG2009034,Igloolik,14
IG2009035,Igloolik,14,IG2009035,Igloolik,14
IG2009036,Igloolik,14,IG2009036,Igloolik,14
IG2009037,Igloolik,14,IG2009037,Igloolik,14
IG2009038,Igloolik,14,IG2009038,Igloolik,14
IG2009039,Igloolik,14,IG2009039,Igloolik,14
IG2009039,Igloolik,14,IG2013020,Igloolik,17
IG2009039,Igloolik,14,IG2013016,Igloolik,17
IG2009040,Igloolik,14,IG2009040,Igloolik,14
IG2009041,Igloolik,14,IG2009041,Igloolik,14
IG2009042,Igloolik,14,IG2009042,Igloolik,14
IG2009042,Igloolik,14,IG2013032,Igloolik,17
IG2009043,Igloolik,14,IG2009043,Igloolik,14
IG2009044,Igloolik,14,IG2009044,Igloolik,14
IG2009045,Igloolik,14,IG2009045,Igloolik,14
IG2009046,Igloolik,14,IG2009046,Igloolik,14
IG2009047,Igloolik,14,IG2009047,Igloolik,14
IG2009048,Igloolik,14,IG2009048,Igloolik,14
IG2009049,Igloolik,14,IG2009049,Igloolik,14
IG2009050,Igloolik,14,IG2009050,Igloolik,14
IG2009051,Igloolik,14,IG2009051,Igloolik,14
IG2009052,Igloolik,14,IG2009052,Igloolik,14
IG2009053,Igloolik,14,IG2009053,Igloolik,14
IG2009054,Igloolik,14,IG2009054,Igloolik,14
IG2009055,Igloolik,14,IG2009055,Igloolik,14
IG2009056,Igloolik,14,IG2009056,Igloolik,14
IG2009057,Igloolik,14,IG2009057,Igloolik,14
IG2009058,Igloolik,14,IG2009058,Igloolik,14
IG2009059,Igloolik,14,IG2009059,Igloolik,14
IG2009060,Igloolik,14,IG2009060,Igloolik,14
IG2009061,Igloolik,14,IG2009061,Igloolik,14
IG2009062,Igloolik,14,IG2009062,Igloolik,14
IG2009064,Igloolik,14,IG2009064,Igloolik,14
IG2009065,Igloolik,14,IG2009065,Igloolik,14
IG2009066,Igloolik,14,IG2009066,Igloolik,14
IG2009067,Igloolik,14,IG2009067,Igloolik,14
IG2009068,Igloolik,14,IG2013034,Igloolik,17
IG2009068,Igloolik,14,IG2009068,Igloolik,14
IG2009069,Igloolik,14,IG2009069,Igloolik,14
IG2009070,Igloolik,14,IG2009075,Igloolik,14
IG2009070,Igloolik,14,IG2009070,Igloolik,14
IG2009071,Igloolik,14,IG2009071,Igloolik,14
IG2009072,Igloolik,14,IG2009072,Igloolik,14
IG2009072,Igloolik,14,PG2013009,Pangnirtung,17
IG2009073,Igloolik,14,IG2009073,Igloolik,14
IG2009074,Igloolik,14,IG2009074,Igloolik,14
IG2009076,Igloolik,14,IG2013046,Igloolik,17
IG2009076,Igloolik,14,IG2009076,Igloolik,14
IG2009076,Igloolik,14,IG2012046,Igloolik,16
IG2009077,Igloolik,14,IG2009077,Igloolik,14
IG2009078,Igloolik,14,IG2009078,Igloolik,14
IG2009079,Igloolik,14,IG2009079,Igloolik,14
IG2009080,Igloolik,14,IG2009080,Igloolik,14
IG2009081,Igloolik,14,IG2009081,Igloolik,14
IG2009082,Igloolik,14,IG2009082,Igloolik,14
IG2009082,Igloolik,14,IG2012035,Igloolik,16
IG2009090,Igloolik,14,IG2009090,Igloolik,14
IG2009091,Igloolik,14,IG2009093,Igloolik,14
IG2009091,Igloolik,14,IG2009091,Igloolik,14
IG2009092,Igloolik,14,IG2009092,Igloolik,14
IG2009092,Igloolik,14,IG2013062,Igloolik,17
IG2009094,Igloolik,14,IG2012039,Igloolik,16
IG2009094,Igloolik,14,IG2009094,Igloolik,14
IG2009094,Igloolik,14,IG2012014,Igloolik,16
IG2009095,Igloolik,14,IG2009095,Igloolik,14
IG2009096,Igloolik,14,IG2009096,Igloolik,14
IG2011001,Igloolik,15,IG2011001,Igloolik,15
IG2011002,Igloolik,15,IG2011002,Igloolik,15
IG2011003,Igloolik,15,IG2011003,Igloolik,15
IG2011004,Igloolik,15,IG2011004,Igloolik,15
IG2011005,Igloolik,15,IG2011005,Igloolik,15
IG2011006,Igloolik,15,IG2011006,Igloolik,15
IG2011007,Igloolik,15,IG2011007,Igloolik,15
IG2011008,Igloolik,15,IG2011008,Igloolik,15
IG2011008,Igloolik,15,IG2011009,Igloolik,15
IG2011010,Igloolik,15,IG2011010,Igloolik,15
IG2011011,Igloolik,15,IG2011011,Igloolik,15
IG2011011,Igloolik,15,IG2013113,Igloolik,17
IG2011012,Igloolik,15,IG2011012,Igloolik,15
IG2011013,Igloolik,15,IG2011013,Igloolik,15
IG2011015,Igloolik,15,IG2011015,Igloolik,15
IG2011016,Igloolik,15,IG2011016,Igloolik,15
IG2011017,Igloolik,15,IG2011017,Igloolik,15
IG2011018,Igloolik,15,IG2011018,Igloolik,15
IG2011019,Igloolik,15,IG2011019,Igloolik,15
IG2011021,Igloolik,15,IG2011021,Igloolik,15
IG2011022,Igloolik,15,IG2011022,Igloolik,15
IG2011023,Igloolik,15,IG2011023,Igloolik,15
IG2011024,Igloolik,15,IG2011024,Igloolik,15
IG2011025,Igloolik,15,IG2011025,Igloolik,15
IG2011026,Igloolik,15,IG2011026,Igloolik,15
IG2011027,Igloolik,15,IG2011027,Igloolik,15
IG2011028,Igloolik,15,IG2011028,Igloolik,15
IG2011029,Igloolik,15,IG2011029,Igloolik,15
IG2011031,Igloolik,15,IG2011031,Igloolik,15
IG2011032,Igloolik,15,IG2011032,Igloolik,15
IG2011033,Igloolik,15,IG2011033,Igloolik,15
IG2011034,Igloolik,15,IG2011034,Igloolik,15
IG2011035,Igloolik,15,IG2011035,Igloolik,15
IG2011036,Igloolik,15,IG2011036,Igloolik,15
IG2011037,Igloolik,15,IG2011037,Igloolik,15
IG2011038,Igloolik,15,IG2011038,Igloolik,15
IG2011039,Igloolik,15,IG2011039,Igloolik,15
IG2011040,Igloolik,15,IG2011040,Igloolik,15
IG2011041,Igloolik,15,IG2011041,Igloolik,15
IG2011042,Igloolik,15,IG2011042,Igloolik,15
IG2011043,Igloolik,15,IG2011043,Igloolik,15
IG2011044,Igloolik,15,IG2011044,Igloolik,15
IG2012001,Igloolik,16,IG2012001,Igloolik,16
IG2012001,Igloolik,16,IG2012017,Igloolik,16
IG2012001,Igloolik,16,IG2013160,Igloolik,17
IG2012003,Igloolik,16,IG2012003,Igloolik,16
IG2012004,Igloolik,16,IG2013102,Igloolik,17
IG2012004,Igloolik,16,IG2012004,Igloolik,16
IG2012005,Igloolik,16,IG2012005,Igloolik,16
IG2012006,Igloolik,16,IG2012006,Igloolik,16
IG2012007,Igloolik,16,IG2012007,Igloolik,16
IG2012008,Igloolik,16,IG2012049,Igloolik,16
IG2012008,Igloolik,16,IG2012059,Igloolik,16
IG2012008,Igloolik,16,IG2012008,Igloolik,16
IG2012009,Igloolik,16,IG2012009,Igloolik,16
IG2012010,Igloolik,16,IG2012010,Igloolik,16
IG2012011,Igloolik,16,IG2012011,Igloolik,16
IG2012012,Igloolik,16,IG2012012,Igloolik,16
IG2012013,Igloolik,16,IG2012013,Igloolik,16
IG2012015,Igloolik,16,IG2012015,Igloolik,16
IG2012016,Igloolik,16,IG2012016,Igloolik,16
IG2012018,Igloolik,16,IG2012018,Igloolik,16
IG2012019,Igloolik,16,IG2012019,Igloolik,16
IG2012020,Igloolik,16,IG2012020,Igloolik,16
IG2012021,Igloolik,16,IG2012021,Igloolik,16
IG2012022,Igloolik,16,IG2012022,Igloolik,16
IG2012023,Igloolik,16,IG2012023,Igloolik,16
IG2012024,Igloolik,16,IG2012024,Igloolik,16
IG2012025,Igloolik,16,IG2012025,Igloolik,16
IG2012026,Igloolik,16,IG2012026,Igloolik,16
IG2012027,Igloolik,16,IG2012027,Igloolik,16
IG2012028,Igloolik,16,IG2012028,Igloolik,16
IG2012029,Igloolik,16,IG2012029,Igloolik,16
IG2012030,Igloolik,16,IG2012030,Igloolik,16
IG2012031,Igloolik,16,IG2012031,Igloolik,16
IG2012032,Igloolik,16,IG2012032,Igloolik,16
IG2012033,Igloolik,16,IG2012033,Igloolik,16
IG2012034,Igloolik,16,IG2012034,Igloolik,16
IG2012036,Igloolik,16,IG2012036,Igloolik,16
IG2012037,Igloolik,16,IG2012088,Igloolik,16
IG2012037,Igloolik,16,IG2012037,Igloolik,16
IG2012037,Igloolik,16,IG2012093,Igloolik,16
IG2012038,Igloolik,16,IG2012038,Igloolik,16
IG2012040,Igloolik,16,IG2012040,Igloolik,16
IG2012040,Igloolik,16,IG2013122,Igloolik,17
IG2012041,Igloolik,16,IG2012041,Igloolik,16
IG2012042,Igloolik,16,IG2012042,Igloolik,16
IG2012043,Igloolik,16,IG2012043,Igloolik,16
IG2012044,Igloolik,16,IG2012044,Igloolik,16
IG2012045,Igloolik,16,IG2012045,Igloolik,16
IG2012047,Igloolik,16,IG2012047,Igloolik,16
IG2012048,Igloolik,16,IG2012048,Igloolik,16
IG2012050,Igloolik,16,IG2012050,Igloolik,16
IG2012051,Igloolik,16,IG2012051,Igloolik,16
IG2012052,Igloolik,16,IG2012052,Igloolik,16
IG2012052,Igloolik,16,IG2012057,Igloolik,16
IG2012053,Igloolik,16,IG2012053,Igloolik,16
IG2012054,Igloolik,16,IG2012054,Igloolik,16
IG2012055,Igloolik,16,IG2012055,Igloolik,16
IG2012056,Igloolik,16,IG2012056,Igloolik,16
IG2012058,Igloolik,16,IG2012058,Igloolik,16
IG2012060,Igloolik,16,IG2012060,Igloolik,16
IG2012061,Igloolik,16,IG2012061,Igloolik,16
IG2012062,Igloolik,16,IG2012062,Igloolik,16
IG2012063,Igloolik,16,IG2012074,Igloolik,16
IG2012063,Igloolik,16,IG2012063,Igloolik,16
IG2012063,Igloolik,16,IG2012073,Igloolik,16
IG2012064,Igloolik,16,IG2012064,Igloolik,16
IG2012065,Igloolik,16,IG2012065,Igloolik,16
IG2012066,Igloolik,16,IG2012066,Igloolik,16
IG2012066,Igloolik,16,IG2013049,Igloolik,17
IG2012067,Igloolik,16,IG2012067,Igloolik,16
IG2012068,Igloolik,16,IG2012068,Igloolik,16
IG2012069,Igloolik,16,IG2012069,Igloolik,16
IG2012070,Igloolik,16,IG2012070,Igloolik,16
IG2012071,Igloolik,16,IG2012071,Igloolik,16
IG2012072,Igloolik,16,IG2012072,Igloolik,16
IG2012075,Igloolik,16,IG2012075,Igloolik,16
IG2012076,Igloolik,16,IG2012076,Igloolik,16
IG2012077,Igloolik,16,IG2012077,Igloolik,16
IG2012080,Igloolik,16,IG2012080,Igloolik,16
IG2012080,Igloolik,16,IG2012117,Igloolik,16
IG2012082,Igloolik,16,IG2012082,Igloolik,16
IG2012083,Igloolik,16,IG2012083,Igloolik,16
IG2012084,Igloolik,16,IG2013161,Igloolik,17
IG2012084,Igloolik,16,IG2012084,Igloolik,16
IG2012085,Igloolik,16,IG2012085,Igloolik,16
IG2012086,Igloolik,16,IG2012086,Igloolik,16
IG2012087,Igloolik,16,IG2012087,Igloolik,16
IG2012087,Igloolik,16,IG2013106,Igloolik,17
IG2012090,Igloolik,16,IG2012090,Igloolik,16
IG2012091,Igloolik,16,IG2012091,Igloolik,16
IG2012094,Igloolik,16,IG2012094,Igloolik,16
IG2012095,Igloolik,16,IG2012095,Igloolik,16
IG2012096,Igloolik,16,IG2012096,Igloolik,16
IG2012097,Igloolik,16,IG2012097,Igloolik,16
IG2012098,Igloolik,16,IG2012098,Igloolik,16
IG2012099,Igloolik,16,IG2012100,Igloolik,16
IG2012099,Igloolik,16,IG2012099,Igloolik,16
IG2012101,Igloolik,16,IG2012113,Igloolik,16
IG2012101,Igloolik,16,IG2012101,Igloolik,16
IG2012103,Igloolik,16,IG2012103,Igloolik,16
IG2012104,Igloolik,16,IG2012104,Igloolik,16
IG2012105,Igloolik,16,IG2012105,Igloolik,16
IG2012106,Igloolik,16,IG2012106,Igloolik,16
IG2012107,Igloolik,16,IG2012107,Igloolik,16
IG2012108,Igloolik,16,IG2012108,Igloolik,16
IG2012109,Igloolik,16,IG2012109,Igloolik,16
IG2012110,Igloolik,16,IG2012111,Igloolik,16
IG2012110,Igloolik,16,IG2012110,Igloolik,16
IG2012112,Igloolik,16,IG2012112,Igloolik,16
IG2012114,Igloolik,16,IG2012114,Igloolik,16
IG2012115,Igloolik,16,IG2012115,Igloolik,16
IG2012116,Igloolik,16,IG2012116,Igloolik,16
IG2012118,Igloolik,16,IG2012118,Igloolik,16
IG2012118,Igloolik,16,IG2012119,Igloolik,16
IG2012120,Igloolik,16,IG2012120,Igloolik,16
IG2012121,Igloolik,16,IG2012121,Igloolik,16
IG2013001,Igloolik,17,IG2013001,Igloolik,17
IG2013002,Igloolik,17,IG2013002,Igloolik,17
IG2013003,Igloolik,17,IG2013003,Igloolik,17
IG2013004,Igloolik,17,IG2013004,Igloolik,17
IG2013005,Igloolik,17,IG2013005,Igloolik,17
IG2013006,Igloolik,17,IG2013007,Igloolik,17
IG2013006,Igloolik,17,IG2013006,Igloolik,17
IG2013008,Igloolik,17,IG2013008,Igloolik,17
IG2013008,Igloolik,17,IG2013009,Igloolik,17
IG2013010,Igloolik,17,IG2013010,Igloolik,17
IG2013011,Igloolik,17,IG2013011,Igloolik,17
IG2013012,Igloolik,17,IG2013012,Igloolik,17
IG2013012,Igloolik,17,IG2013013,Igloolik,17
IG2013014,Igloolik,17,IG2013014,Igloolik,17
IG2013015,Igloolik,17,IG2013015,Igloolik,17
IG2013017,Igloolik,17,IG2013017,Igloolik,17
IG2013018,Igloolik,17,IG2013018,Igloolik,17
IG2013019,Igloolik,17,IG2013019,Igloolik,17
IG2013021,Igloolik,17,IG2013021,Igloolik,17
IG2013022,Igloolik,17,IG2013022,Igloolik,17
IG2013023,Igloolik,17,IG2013023,Igloolik,17
IG2013024,Igloolik,17,IG2013024,Igloolik,17
IG2013025,Igloolik,17,IG2013025,Igloolik,17
IG2013026,Igloolik,17,IG2013026,Igloolik,17
IG2013027,Igloolik,17,IG2013027,Igloolik,17
IG2013028,Igloolik,17,IG2013028,Igloolik,17
IG2013029,Igloolik,17,IG2013029,Igloolik,17
IG2013029,Igloolik,17,IG2013091,Igloolik,17
IG2013030,Igloolik,17,IG2013030,Igloolik,17
IG2013031,Igloolik,17,IG2013031,Igloolik,17
IG2013033,Igloolik,17,IG2013033,Igloolik,17
IG2013035,Igloolik,17,IG2013035,Igloolik,17
IG2013036,Igloolik,17,IG2013036,Igloolik,17
IG2013037,Igloolik,17,IG2013037,Igloolik,17
IG2013038,Igloolik,17,IG2013038,Igloolik,17
IG2013039,Igloolik,17,IG2013039,Igloolik,17
IG2013040,Igloolik,17,IG2013040,Igloolik,17
IG2013041,Igloolik,17,IG2013041,Igloolik,17
IG2013042,Igloolik,17,IG2013042,Igloolik,17
IG2013043,Igloolik,17,IG2013043,Igloolik,17
IG2013044,Igloolik,17,IG2013044,Igloolik,17
IG2013045,Igloolik,17,IG2013076,Igloolik,17
IG2013045,Igloolik,17,IG2013081,Igloolik,17
IG2013045,Igloolik,17,IG2013045,Igloolik,17
IG2013045,Igloolik,17,IG2013080,Igloolik,17
IG2013047,Igloolik,17,IG2013047,Igloolik,17
IG2013048,Igloolik,17,IG2013048,Igloolik,17
IG2013050,Igloolik,17,IG2013051,Igloolik,17
IG2013050,Igloolik,17,IG2013050,Igloolik,17
IG2013052,Igloolik,17,IG2013052,Igloolik,17
IG2013053,Igloolik,17,IG2013053,Igloolik,17
IG2013054,Igloolik,17,IG2013054,Igloolik,17
IG2013055,Igloolik,17,IG2013055,Igloolik,17
IG2013056,Igloolik,17,IG2013056,Igloolik,17
IG2013056,Igloolik,17,IG2013090,Igloolik,17
IG2013057,Igloolik,17,IG2013057,Igloolik,17
IG2013058,Igloolik,17,IG2013058,Igloolik,17
IG2013059,Igloolik,17,IG2013059,Igloolik,17
IG2013060,Igloolik,17,IG2013060,Igloolik,17
IG2013061,Igloolik,17,IG2013061,Igloolik,17
IG2013063,Igloolik,17,IG2013063,Igloolik,17
IG2013064,Igloolik,17,IG2013064,Igloolik,17
IG2013065,Igloolik,17,IG2013065,Igloolik,17
IG2013066,Igloolik,17,IG2013066,Igloolik,17
IG2013067,Igloolik,17,IG2013067,Igloolik,17
IG2013068,Igloolik,17,IG2013068,Igloolik,17
IG2013069,Igloolik,17,IG2013069,Igloolik,17
IG2013070,Igloolik,17,IG2013070,Igloolik,17
IG2013071,Igloolik,17,IG2013071,Igloolik,17
IG2013071,Igloolik,17,IG2013073,Igloolik,17
IG2013072,Igloolik,17,IG2013072,Igloolik,17
IG2013074,Igloolik,17,IG2013074,Igloolik,17
IG2013075,Igloolik,17,IG2013075,Igloolik,17
IG2013077,Igloolik,17,IG2013077,Igloolik,17
IG2013078,Igloolik,17,IG2013078,Igloolik,17
IG2013079,Igloolik,17,IG2013079,Igloolik,17
IG2013082,Igloolik,17,IG2013082,Igloolik,17
IG2013083,Igloolik,17,IG2013083,Igloolik,17
IG2013084,Igloolik,17,IG2013084,Igloolik,17
IG2013085,Igloolik,17,IG2013115,Igloolik,17
IG2013085,Igloolik,17,IG2013085,Igloolik,17
IG2013087,Igloolik,17,IG2013087,Igloolik,17
IG2013087,Igloolik,17,IG2013096,Igloolik,17
IG2013088,Igloolik,17,IG2013088,Igloolik,17
IG2013089,Igloolik,17,IG2013089,Igloolik,17
IG2013092,Igloolik,17,IG2013092,Igloolik,17
IG2013093,Igloolik,17,IG2013093,Igloolik,17
IG2013094,Igloolik,17,IG2013094,Igloolik,17
IG2013095,Igloolik,17,IG2013095,Igloolik,17
IG2013097,Igloolik,17,IG2013097,Igloolik,17
IG2013098,Igloolik,17,IG2013098,Igloolik,17
IG2013099,Igloolik,17,IG2013099,Igloolik,17
IG2013100,Igloolik,17,IG2013100,Igloolik,17
IG2013101,Igloolik,17,IG2013101,Igloolik,17
IG2013103,Igloolik,17,IG2013103,Igloolik,17
IG2013104,Igloolik,17,IG2013104,Igloolik,17
IG2013105,Igloolik,17,IG2013105,Igloolik,17
IG2013107,Igloolik,17,IG2013107,Igloolik,17
IG2013108,Igloolik,17,IG2013111,Igloolik,17
IG2013108,Igloolik,17,IG2013109,Igloolik,17
IG2013108,Igloolik,17,IG2013130,Igloolik,17
IG2013108,Igloolik,17,IG2013108,Igloolik,17
IG2013110,Igloolik,17,IG2013110,Igloolik,17
IG2013112,Igloolik,17,IG2013112,Igloolik,17
IG2013114,Igloolik,17,IG2013114,Igloolik,17
IG2013116,Igloolik,17,IG2013116,Igloolik,17
IG2013117,Igloolik,17,IG2013117,Igloolik,17
IG2013118,Igloolik,17,IG2013118,Igloolik,17
IG2013119,Igloolik,17,IG2013119,Igloolik,17
IG2013120,Igloolik,17,IG2013120,Igloolik,17
IG2013121,Igloolik,17,IG2013121,Igloolik,17
IG2013123,Igloolik,17,IG2013123,Igloolik,17
IG2013124,Igloolik,17,IG2013124,Igloolik,17
IG2013125,Igloolik,17,IG2013125,Igloolik,17
IG2013126,Igloolik,17,IG2013126,Igloolik,17
IG2013127,Igloolik,17,IG2013127,Igloolik,17
IG2013128,Igloolik,17,IG2013128,Igloolik,17
IG2013129,Igloolik,17,IG2013129,Igloolik,17
IG2013131,Igloolik,17,IG2013131,Igloolik,17
IG2013132,Igloolik,17,IG2013132,Igloolik,17
IG2013133,Igloolik,17,IG2013137,Igloolik,17
IG2013133,Igloolik,17,IG2013133,Igloolik,17
IG2013134,Igloolik,17,IG2013134,Igloolik,17
IG2013135,Igloolik,17,IG2013135,Igloolik,17
IG2013136,Igloolik,17,IG2013136,Igloolik,17
IG2013138,Igloolik,17,IG2013138,Igloolik,17
IG2013139,Igloolik,17,IG2013139,Igloolik,17
IG2013140,Igloolik,17,IG2013140,Igloolik,17
IG2013141,Igloolik,17,IG2013141,Igloolik,17
IG2013142,Igloolik,17,IG2013142,Igloolik,17
IG2013143,Igloolik,17,IG2013143,Igloolik,17
IG2013144,Igloolik,17,IG2013144,Igloolik,17
IG2013145,Igloolik,17,IG2013145,Igloolik,17
IG2013146,Igloolik,17,IG2013146,Igloolik,17
IG2013147,Igloolik,17,IG2013147,Igloolik,17
IG2013148,Igloolik,17,IG2013148,Igloolik,17
IG2013149,Igloolik,17,IG2013149,Igloolik,17
IG2013149,Igloolik,17,IG2013152,Igloolik,17
IG2013150,Igloolik,17,IG2013150,Igloolik,17
IG2013151,Igloolik,17,IG2013151,Igloolik,17
IG2013153,Igloolik,17,IG2013153,Igloolik,17
IG2013154,Igloolik,17,IG2013154,Igloolik,17
IG2013155,Igloolik,17,IG2013155,Igloolik,17
IG2013156,Igloolik,17,IG2013156,Igloolik,17
IG2013157,Igloolik,17,IG2013157,Igloolik,17
IG2013158,Igloolik,17,IG2013158,Igloolik,17
IQ2011001,Iqaluit,15,IQ2011001,Iqaluit,15
PB2011003,Kugaaruk,15,PB2011003,Kugaaruk,15
PG2008003,Pangnirtung,13,PG2008003,Pangnirtung,13
PG2008009,Pangnirtung,13,PG2008009,Pangnirtung,13
PG2008010,Pangnirtung,13,PG2008010,Pangnirtung,13
PG2011001,Pangnirtung,15,PG2011002,Pangnirtung,15
PG2011001,Pangnirtung,15,PG2011001,Pangnirtung,15
PG2011003,Pangnirtung,15,PG2011003,Pangnirtung,15
PG2011004,Pangnirtung,15,PG2011004,Pangnirtung,15
PG2011005,Pangnirtung,15,PG2011005,Pangnirtung,15
PG2011006,Pangnirtung,15,PG2011006,Pangnirtung,15
PG2011007,Pangnirtung,15,PG2011007,Pangnirtung,15
PG2011008,Pangnirtung,15,PG2011008,Pangnirtung,15
PG2011009,Pangnirtung,15,PG2011009,Pangnirtung,15
PG2011010,Pangnirtung,15,PG2011010,Pangnirtung,15
PG2011011,Pangnirtung,15,PG2011011,Pangnirtung,15
PG2011012,Pangnirtung,15,PG2011012,Pangnirtung,15
PG2011013,Pangnirtung,15,PG2011013,Pangnirtung,15
PG2011014,Pangnirtung,15,PG2011014,Pangnirtung,15
PG2011016,Pangnirtung,15,PG2011016,Pangnirtung,15
PG2011017,Pangnirtung,15,PG2011017,Pangnirtung,15
PG2011018,Pangnirtung,15,PG2013001,Pangnirtung,17
PG2011018,Pangnirtung,15,PG2011018,Pangnirtung,15
PG2011019,Pangnirtung,15,PG2011019,Pangnirtung,15
PG2011020,Pangnirtung,15,PG2011020,Pangnirtung,15
PG2011021,Pangnirtung,15,PG2011021,Pangnirtung,15
PG2011022,Pangnirtung,15,PG2011022,Pangnirtung,15
PG2011023,Pangnirtung,15,PG2011023,Pangnirtung,15
PG2011024,Pangnirtung,15,PG2011024,Pangnirtung,15
PG2011027,Pangnirtung,15,PG2011027,Pangnirtung,15
PG2011028,Pangnirtung,15,PG2011028,Pangnirtung,15
PG2011029,Pangnirtung,15,PG2011029,Pangnirtung,15
PG2011030,Pangnirtung,15,PG2011030,Pangnirtung,15
PG2011031,Pangnirtung,15,PG2011031,Pangnirtung,15
PG2011032,Pangnirtung,15,PG2011032,Pangnirtung,15
PG2011033,Pangnirtung,15,PG2011033,Pangnirtung,15
PG2011034,Pangnirtung,15,PG2011034,Pangnirtung,15
PG2011035,Pangnirtung,15,PG2011035,Pangnirtung,15
PG2011036,Pangnirtung,15,PG2011036,Pangnirtung,15
PG2011037,Pangnirtung,15,PG2011037,Pangnirtung,15
PG2011038,Pangnirtung,15,PG2011038,Pangnirtung,15
PG2011039,Pangnirtung,15,PG2011039,Pangnirtung,15
PG2011039,Pangnirtung,15,PG2011043,Pangnirtung,15
PG2011040,Pangnirtung,15,PG2011040,Pangnirtung,15
PG2011045,Pangnirtung,15,PG2011045,Pangnirtung,15
PG2011046,Pangnirtung,15,PG2011046,Pangnirtung,15
PG2011047,Pangnirtung,15,PG2011047,Pangnirtung,15
PG2011048,Pangnirtung,15,PG2011048,Pangnirtung,15
PG2011049,Pangnirtung,15,PG2011049,Pangnirtung,15
PG2011051,Pangnirtung,15,PG2011051,Pangnirtung,15
PG2011101,Pangnirtung,15,PG2011101,Pangnirtung,15
PG2011102,Pangnirtung,15,PG2011102,Pangnirtung,15
PG2011103,Pangnirtung,15,PG2011103,Pangnirtung,15
PG2012001,Pangnirtung,16,PG2012001,Pangnirtung,16
PG2012002,Pangnirtung,16,PG2012002,Pangnirtung,16
PG2012003,Pangnirtung,16,PG2012003,Pangnirtung,16
PG2012004,Pangnirtung,16,PG2012006,Pangnirtung,16
PG2012004,Pangnirtung,16,PG2012004,Pangnirtung,16
PG2012004,Pangnirtung,16,PG2012007,Pangnirtung,16
PG2012005,Pangnirtung,16,PG2012005,Pangnirtung,16
PG2012008,Pangnirtung,16,PG2012008,Pangnirtung,16
PG2012008,Pangnirtung,16,PG2012094,Pangnirtung,16
PG2012008,Pangnirtung,16,PG2012092,Pangnirtung,16
PG2012009,Pangnirtung,16,PG2012009,Pangnirtung,16
PG2012010,Pangnirtung,16,PG2012010,Pangnirtung,16
PG2012011,Pangnirtung,16,PG2012011,Pangnirtung,16
PG2012012,Pangnirtung,16,PG2012012,Pangnirtung,16
PG2012013,Pangnirtung,16,PG2012013,Pangnirtung,16
PG2012014,Pangnirtung,16,PG2012014,Pangnirtung,16
PG2012015,Pangnirtung,16,PG2012015,Pangnirtung,16
PG2012016,Pangnirtung,16,PG2012016,Pangnirtung,16
PG2012017,Pangnirtung,16,PG2012017,Pangnirtung,16
PG2012018,Pangnirtung,16,PG2012018,Pangnirtung,16
PG2012019,Pangnirtung,16,PG2012019,Pangnirtung,16
PG2012020,Pangnirtung,16,PG2012020,Pangnirtung,16
PG2012022,Pangnirtung,16,PG2012022,Pangnirtung,16
PG2012024,Pangnirtung,16,PG2012024,Pangnirtung,16
PG2012025,Pangnirtung,16,PG2012025,Pangnirtung,16
PG2012026,Pangnirtung,16,PG2012030,Pangnirtung,16
PG2012026,Pangnirtung,16,PG2012026,Pangnirtung,16
PG2012027,Pangnirtung,16,PG2012027,Pangnirtung,16
PG2012028,Pangnirtung,16,PG2012028,Pangnirtung,16
PG2012029,Pangnirtung,16,PG2012029,Pangnirtung,16
PG2012031,Pangnirtung,16,PG2012031,Pangnirtung,16
PG2012032,Pangnirtung,16,PG2012032,Pangnirtung,16
PG2012033,Pangnirtung,16,PG2012033,Pangnirtung,16
PG2012034,Pangnirtung,16,PG2012034,Pangnirtung,16
PG2012035,Pangnirtung,16,PG2012035,Pangnirtung,16
PG2012036,Pangnirtung,16,PG2012036,Pangnirtung,16
PG2012037,Pangnirtung,16,PG2012037,Pangnirtung,16
PG2012038,Pangnirtung,16,PG2012038,Pangnirtung,16
PG2012039,Pangnirtung,16,PG2012039,Pangnirtung,16
PG2012040,Pangnirtung,16,PG2012040,Pangnirtung,16
PG2012041,Pangnirtung,16,PG2012041,Pangnirtung,16
PG2012043,Pangnirtung,16,PG2012043,Pangnirtung,16
PG2012044,Pangnirtung,16,PG2012044,Pangnirtung,16
PG2012045,Pangnirtung,16,PG2012045,Pangnirtung,16
PG2012047,Pangnirtung,16,PG2012047,Pangnirtung,16
PG2012048,Pangnirtung,16,PG2012109,Pangnirtung,16
PG2012048,Pangnirtung,16,PG2012048,Pangnirtung,16
PG2012049,Pangnirtung,16,PG2012049,Pangnirtung,16
PG2012050,Pangnirtung,16,PG2012050,Pangnirtung,16
PG2012051,Pangnirtung,16,PG2012051,Pangnirtung,16
PG2012052,Pangnirtung,16,PG2012052,Pangnirtung,16
PG2012053,Pangnirtung,16,PG2012053,Pangnirtung,16
PG2012054,Pangnirtung,16,PG2012054,Pangnirtung,16
PG2012054,Pangnirtung,16,PG2012056,Pangnirtung,16
PG2012055,Pangnirtung,16,PG2012055,Pangnirtung,16
PG2012057,Pangnirtung,16,PG2012057,Pangnirtung,16
PG2012059,Pangnirtung,16,PG2012059,Pangnirtung,16
PG2012060,Pangnirtung,16,PG2012060,Pangnirtung,16
PG2012061,Pangnirtung,16,PG2012061,Pangnirtung,16
PG2012062,Pangnirtung,16,PG2012062,Pangnirtung,16
PG2012063,Pangnirtung,16,PG2012063,Pangnirtung,16
PG2012064,Pangnirtung,16,PG2012065,Pangnirtung,16
PG2012064,Pangnirtung,16,PG2012064,Pangnirtung,16
PG2012066,Pangnirtung,16,PG2012066,Pangnirtung,16
PG2012067,Pangnirtung,16,PG2012067,Pangnirtung,16
PG2012068,Pangnirtung,16,PG2012068,Pangnirtung,16
PG2012068,Pangnirtung,16,PG2012091,Pangnirtung,16
PG2012069,Pangnirtung,16,PG2012070,Pangnirtung,16
PG2012069,Pangnirtung,16,PG2012069,Pangnirtung,16
PG2012071,Pangnirtung,16,PG2012071,Pangnirtung,16
PG2012072,Pangnirtung,16,PG2012072,Pangnirtung,16
PG2012073,Pangnirtung,16,PG2012073,Pangnirtung,16
PG2012073,Pangnirtung,16,PG2012074,Pangnirtung,16
PG2012075,Pangnirtung,16,PG2012075,Pangnirtung,16
PG2012075,Pangnirtung,16,PG2012076,Pangnirtung,16
PG2012077,Pangnirtung,16,PG2012077,Pangnirtung,16
PG2012078,Pangnirtung,16,PG2012078,Pangnirtung,16
PG2012079,Pangnirtung,16,PG2012080,Pangnirtung,16
PG2012079,Pangnirtung,16,PG2012079,Pangnirtung,16
PG2012081,Pangnirtung,16,PG2012083,Pangnirtung,16
PG2012081,Pangnirtung,16,PG2012081,Pangnirtung,16
PG2012082,Pangnirtung,16,PG2012082,Pangnirtung,16
PG2012082,Pangnirtung,16,PG2012084,Pangnirtung,16
PG2012085,Pangnirtung,16,PG2012085,Pangnirtung,16
PG2012086,Pangnirtung,16,PG2012086,Pangnirtung,16
PG2012087,Pangnirtung,16,PG2012087,Pangnirtung,16
PG2012088,Pangnirtung,16,PG2012088,Pangnirtung,16
PG2012089,Pangnirtung,16,PG2012089,Pangnirtung,16
PG2012090,Pangnirtung,16,PG2012090,Pangnirtung,16
PG2012093,Pangnirtung,16,PG2012093,Pangnirtung,16
PG2012095,Pangnirtung,16,PG2012095,Pangnirtung,16
PG2012096,Pangnirtung,16,PG2012096,Pangnirtung,16
PG2012097,Pangnirtung,16,PG2012097,Pangnirtung,16
PG2012098,Pangnirtung,16,PG2012098,Pangnirtung,16
PG2012099,Pangnirtung,16,PG2012103,Pangnirtung,16
PG2012099,Pangnirtung,16,PG2012099,Pangnirtung,16
PG2012100,Pangnirtung,16,PG2012100,Pangnirtung,16
PG2012101,Pangnirtung,16,PG2012101,Pangnirtung,16
PG2012101,Pangnirtung,16,PG2012102,Pangnirtung,16
PG2012104,Pangnirtung,16,PG2012104,Pangnirtung,16
PG2012105,Pangnirtung,16,PG2012106,Pangnirtung,16
PG2012105,Pangnirtung,16,PG2012105,Pangnirtung,16
PG2012107,Pangnirtung,16,PG2012107,Pangnirtung,16
PG2012108,Pangnirtung,16,PG2012108,Pangnirtung,16
PG2012110,Pangnirtung,16,PG2012110,Pangnirtung,16
PG2012111,Pangnirtung,16,PG2012111,Pangnirtung,16
PG2012111,Pangnirtung,16,PG2013008,Pangnirtung,17
PG2012113,Pangnirtung,16,PG2012113,Pangnirtung,16
PG2013003,Pangnirtung,17,PG2013003,Pangnirtung,17
PG2013004,Pangnirtung,17,PG2013024,Pangnirtung,17
PG2013004,Pangnirtung,17,PG2013004,Pangnirtung,17
PG2013004,Pangnirtung,17,PG2013023,Pangnirtung,17
PG2013005,Pangnirtung,17,PG2013005,Pangnirtung,17
PG2013006,Pangnirtung,17,PG2013006,Pangnirtung,17
PG2013007,Pangnirtung,17,PG2013007,Pangnirtung,17
PG2013011,Pangnirtung,17,PG2013011,Pangnirtung,17
PG2013012,Pangnirtung,17,PG2013012,Pangnirtung,17
PG2013013,Pangnirtung,17,PG2013013,Pangnirtung,17
PG2013014,Pangnirtung,17,PG2013041,Pangnirtung,17
PG2013014,Pangnirtung,17,PG2013014,Pangnirtung,17
PG2013015,Pangnirtung,17,PG2013015,Pangnirtung,17
PG2013016,Pangnirtung,17,PG2013016,Pangnirtung,17
PG2013017,Pangnirtung,17,PG2013017,Pangnirtung,17
PG2013018,Pangnirtung,17,PG2013018,Pangnirtung,17
PG2013019,Pangnirtung,17,PG2013019,Pangnirtung,17
PG2013020,Pangnirtung,17,PG2013020,Pangnirtung,17
PG2013021,Pangnirtung,17,PG2013021,Pangnirtung,17
PG2013022,Pangnirtung,17,PG2013022,Pangnirtung,17
PG2013025,Pangnirtung,17,PG2013025,Pangnirtung,17
PG2013026,Pangnirtung,17,PG2013026,Pangnirtung,17
PG2013027,Pangnirtung,17,PG2013027,Pangnirtung,17
PG2013028,Pangnirtung,17,PG2013028,Pangnirtung,17
PG2013029,Pangnirtung,17,PG2013029,Pangnirtung,17
PG2013030,Pangnirtung,17,PG2013030,Pangnirtung,17
PG2013031,Pangnirtung,17,PG2013031,Pangnirtung,17
PG2013032,Pangnirtung,17,PG2013032,Pangnirtung,17
PG2013033,Pangnirtung,17,PG2013033,Pangnirtung,17
PG2013034,Pangnirtung,17,PG2013034,Pangnirtung,17
PG2013035,Pangnirtung,17,PG2013035,Pangnirtung,17
PG2013036,Pangnirtung,17,PG2013036,Pangnirtung,17
PG2013037,Pangnirtung,17,PG2013037,Pangnirtung,17
PG2013038,Pangnirtung,17,PG2013038,Pangnirtung,17
PG2013039,Pangnirtung,17,PG2013039,Pangnirtung,17
PG2013039,Pangnirtung,17,PG2013040,Pangnirtung,17
PG2013042,Pangnirtung,17,PG2013042,Pangnirtung,17
PG2013043,Pangnirtung,17,PG2013043,Pangnirtung,17
PG2013044,Pangnirtung,17,PG2013044,Pangnirtung,17
PG2013045,Pangnirtung,17,PG2013045,Pangnirtung,17
PG2013046,Pangnirtung,17,PG2013046,Pangnirtung,17
PG2013047,Pangnirtung,17,PG2013047,Pangnirtung,17
PG2013048,Pangnirtung,17,PG2013048,Pangnirtung,17
PG2013049,Pangnirtung,17,PG2013049,Pangnirtung,17
PG2013050,Pangnirtung,17,PG2013050,Pangnirtung,17
PG2013051,Pangnirtung,17,PG2013051,Pangnirtung,17
RB2008001,Repulse Bay,13,RB2008001,Repulse Bay,13
RB2008002,Repulse Bay,13,RB2008002,Repulse Bay,13
RB2008003,Repulse Bay,13,RB2008003,Repulse Bay,13
RB2008004,Repulse Bay,13,RB2008004,Repulse Bay,13
RB2008005,Repulse Bay,13,RB2008005,Repulse Bay,13
RB2009006,Repulse Bay,14,RB2009006,Repulse Bay,14
RB2009007,Repulse Bay,14,RB2009007,Repulse Bay,14
SB2012002,Taloyoak,16,SB2012002,Taloyoak,16
WG2008257,Greenland,13,WG2008257,Greenland,13
WG2008258,Greenland,13,WG2008258,Greenland,13
WG2008259,Greenland,13,WG2008280,Greenland,13
WG2008259,Greenland,13,WG2008259,Greenland,13
WG2008259,Greenland,13,WG2008277,Greenland,13
WG2008260,Greenland,13,WG2008260,Greenland,13
WG2008261,Greenland,13,WG2008261,Greenland,13
WG2008261,Greenland,13,WG2008266,Greenland,13
WG2008262,Greenland,13,WG2008262,Greenland,13
WG2008263,Greenland,13,WG2008263,Greenland,13
WG2008264,Greenland,13,WG2008264,Greenland,13
WG2008265,Greenland,13,WG2008274,Greenland,13
WG2008265,Greenland,13,WG2008279,Greenland,13
WG2008265,Greenland,13,WG2008309,Greenland,13
WG2008265,Greenland,13,WG2008265,Greenland,13
WG2008267,Greenland,13,WG2008267,Greenland,13
WG2008268,Greenland,13,WG2008268,Greenland,13
WG2008269,Greenland,13,WG2008269,Greenland,13
WG2008270,Greenland,13,WG2008270,Greenland,13
WG2008271,Greenland,13,WG2008271,Greenland,13
WG2008272,Greenland,13,WG2008272,Greenland,13
WG2008273,Greenland,13,WG2008273,Greenland,13
WG2008275,Greenland,13,WG2008275,Greenland,13
WG2008276,Greenland,13,WG2008276,Greenland,13
WG2008278,Greenland,13,WG2008278,Greenland,13
WG2008281,Greenland,13,WG2008281,Greenland,13
WG2008282,Greenland,13,WG2008282,Greenland,13
WG2008285,Greenland,13,WG2008285,Greenland,13
WG2008285,Greenland,13,WG2008290,Greenland,13
WG2008286,Greenland,13,WG2008286,Greenland,13
WG2008286,Greenland,13,WG2008304,Greenland,13
WG2008287,Greenland,13,WG2008287,Greenland,13
WG2008288,Greenland,13,WG2008288,Greenland,13
WG2008289,Greenland,13,WG2008289,Greenland,13
WG2008291,Greenland,13,WG2008291,Greenland,13
WG2008291,Greenland,13,WG2008292,Greenland,13
WG2008294,Greenland,13,WG2008294,Greenland,13
WG2008297,Greenland,13,WG2008297,Greenland,13
WG2008298,Greenland,13,WG2008298,Greenland,13
WG2008299,Greenland,13,WG2008299,Greenland,13
WG2008300,Greenland,13,WG2008300,Greenland,13
WG2008301,Greenland,13,WG2008301,Greenland,13
WG2008302,Greenland,13,WG2008302,Greenland,13
WG2008303,Greenland,13,WG2008303,Greenland,13
WG2008307,Greenland,13,WG2008307,Greenland,13
WG2008308,Greenland,13,WG2008308,Greenland,13
WG2008311,Greenland,13,WG2008311,Greenland,13
WG2008312,Greenland,13,WG2008312,Greenland,13
WG2008313,Greenland,13,WG2008313,Greenland,13
WG2008314,Greenland,13,WG2008314,Greenland,13
WG2008315,Greenland,13,WG2008315,Greenland,13
WG2008316,Greenland,13,WG2008316,Greenland,13
WG2008317,Greenland,13,WG2008317,Greenland,13